Workbook

Sheet __FDSCACHE__
B1: This sheet contains FactSet XML data for use with this workbook's =FDS codes. Modifying the worksheet's contents may damage the workbook's =FDS functionality.

Sheet Correlation Matrix
A1: Correlation Matrix
A3: =IF(Backend!B30="", "", Backend!B30) | B3: =IF(Backend!C29="", "", Backend!C29) -> Microsoft Corporation | C3: =IF(Backend!D29="", "", Backend!D29) -> Alphabet Inc. Class C | D3: =IF(Backend!E29="", "", Backend!E29) -> London Stock Exchange Group plc | E3: =IF(Backend!F29="", "", Backend!F29) -> Visa Inc. Class A | F3: =IF(Backend!G29="", "", Backend!G29) -> Mastercard Incorporated Class A | G3: =IF(Backend!H29="", "", Backend!H29) -> Unilever PLC | H3: =IF(Backend!I29="", "", Backend!I29) -> ASML Holding NV Sponsored ADR | I3: =IF(Backend!J29="", "", Backend!J29) -> Deutsche Boerse AG | ... AG3: =IF(Backend!AH29="", "", Backend!AH29) -> Moody's Corporation
A4: =IF(Backend!A31="", "", Backend!A31) -> Microsoft Corporation | B4: =IF(Backend!C31="", "", Backend!C31) -> 1 | C4: =IF(Backend!D31="", "", Backend!D31) -> 0.70593476 | D4: =IF(Backend!E31="", "", Backend!E31) -> -0.63645244 | E4: =IF(Backend!F31="", "", Backend!F31) -> 0.3676423 | F4: =IF(Backend!G31="", "", Backend!G31) -> 0.6533294 | G4: =IF(Backend!H31="", "", Backend!H31) -> 0.34959054 | H4: =IF(Backend!I31="", "", Backend!I31) -> 0.6717653 | I4: =IF(Backend!J31="", "", Backend!J31) -> 0.16902007 | ... AG4: =IF(Backend!AH31="", "", Backend!AH31) -> 0.6085905
A5: =IF(Backend!A32="", "", Backend!A32) -> Alphabet Inc. Class C | B5: =IF(Backend!C32="", "", Backend!C32) -> 0.70593476 | C5: =IF(Backend!D32="", "", Backend!D32) -> 1 | D5: =IF(Backend!E32="", "", Backend!E32) -> -0.83801097 | E5: =IF(Backend!F32="", "", Backend!F32) -> 0.088617705 | F5: =IF(Backend!G32="", "", Backend!G32) -> 0.4345135 | G5: =IF(Backend!H32="", "", Backend!H32) -> 0.04355542 | H5: =IF(Backend!I32="", "", Backend!I32) -> 0.85035014 | I5: =IF(Backend!J32="", "", Backend!J32) -> -0.30104807 | ... AG5: =IF(Backend!AH32="", "", Backend!AH32) -> 0.3739481
A6: =IF(Backend!A33="", "", Backend!A33) -> London Stock Exchange Group plc | B6: =IF(Backend!C33="", "", Backend!C33) -> -0.63645244 | C6: =IF(Backend!D33="", "", Backend!D33) -> -0.83801097 | D6: =IF(Backend!E33="", "", Backend!E33) -> 1 | E6: =IF(Backend!F33="", "", Backend!F33) -> 0.05400079 | F6: =IF(Backend!G33="", "", Backend!G33) -> -0.32620287 | G6: =IF(Backend!H33="", "", Backend!H33) -> -0.04736814 | H6: =IF(Backend!I33="", "", Backend!I33) -> -0.66573167 | I6: =IF(Backend!J33="", "", Backend!J33) -> 0.25646022 | ... AG6: =IF(Backend!AH33="", "", Backend!AH33) -> -0.25641355
A7: =IF(Backend!A34="", "", Backend!A34) -> Visa Inc. Class A | B7: =IF(Backend!C34="", "", Backend!C34) -> 0.3676423 | C7: =IF(Backend!D34="", "", Backend!D34) -> 0.088617705 | D7: =IF(Backend!E34="", "", Backend!E34) -> 0.05400079 | E7: =IF(Backend!F34="", "", Backend!F34) -> 1 | F7: =IF(Backend!G34="", "", Backend!G34) -> 0.81823975 | G7: =IF(Backend!H34="", "", Backend!H34) -> 0.4485835 | H7: =IF(Backend!I34="", "", Backend!I34) -> 0.31107718 | I7: =IF(Backend!J34="", "", Backend!J34) -> 0.71381146 | ... AG7: =IF(Backend!AH34="", "", Backend!AH34) -> 0.36313996
A8: =IF(Backend!A35="", "", Backend!A35) -> Mastercard Incorporated Class A | B8: =IF(Backend!C35="", "", Backend!C35) -> 0.6533294 | C8: =IF(Backend!D35="", "", Backend!D35) -> 0.4345135 | D8: =IF(Backend!E35="", "", Backend!E35) -> -0.32620287 | E8: =IF(Backend!F35="", "", Backend!F35) -> 0.81823975 | F8: =IF(Backend!G35="", "", Backend!G35) -> 1 | G8: =IF(Backend!H35="", "", Backend!H35) -> 0.46794787 | H8: =IF(Backend!I35="", "", Backend!I35) -> 0.4596364 | I8: =IF(Backend!J35="", "", Backend!J35) -> 0.44396263 | ... AG8: =IF(Backend!AH35="", "", Backend!AH35) -> 0.65752286
A9: =IF(Backend!A36="", "", Backend!A36) -> Unilever PLC | B9: =IF(Backend!C36="", "", Backend!C36) -> 0.34959054 | C9: =IF(Backend!D36="", "", Backend!D36) -> 0.04355542 | D9: =IF(Backend!E36="", "", Backend!E36) -> -0.04736814 | E9: =IF(Backend!F36="", "", Backend!F36) -> 0.4485835 | F9: =IF(Backend!G36="", "", Backend!G36) -> 0.46794787 | G9: =IF(Backend!H36="", "", Backend!H36) -> 1 | H9: =IF(Backend!I36="", "", Backend!I36) -> 0.13849494 | I9: =IF(Backend!J36="", "", Backend!J36) -> 0.67190653 | ... AG9: =IF(Backend!AH36="", "", Backend!AH36) -> -0.04675638
A10: =IF(Backend!A37="", "", Backend!A37) -> ASML Holding NV Sponsored ADR | B10: =IF(Backend!C37="", "", Backend!C37) -> 0.6717653 | C10: =IF(Backend!D37="", "", Backend!D37) -> 0.85035014 | D10: =IF(Backend!E37="", "", Backend!E37) -> -0.66573167 | E10: =IF(Backend!F37="", "", Backend!F37) -> 0.31107718 | F10: =IF(Backend!G37="", "", Backend!G37) -> 0.4596364 | G10: =IF(Backend!H37="", "", Backend!H37) -> 0.13849494 | H10: =IF(Backend!I37="", "", Backend!I37) -> 1 | I10: =IF(Backend!J37="", "", Backend!J37) -> -0.06267396 | ... AG10: =IF(Backend!AH37="", "", Backend!AH37) -> 0.22869699
A11: =IF(Backend!A38="", "", Backend!A38) -> Deutsche Boerse AG | B11: =IF(Backend!C38="", "", Backend!C38) -> 0.16902007 | C11: =IF(Backend!D38="", "", Backend!D38) -> -0.30104807 | D11: =IF(Backend!E38="", "", Backend!E38) -> 0.25646022 | E11: =IF(Backend!F38="", "", Backend!F38) -> 0.71381146 | F11: =IF(Backend!G38="", "", Backend!G38) -> 0.44396263 | G11: =IF(Backend!H38="", "", Backend!H38) -> 0.67190653 | H11: =IF(Backend!I38="", "", Backend!I38) -> -0.06267396 | I11: =IF(Backend!J38="", "", Backend!J38) -> 1 | ... AG11: =IF(Backend!AH38="", "", Backend!AH38) -> -0.060925145
A12: =IF(Backend!A39="", "", Backend!A39) -> GE Aerospace | B12: =IF(Backend!C39="", "", Backend!C39) -> 0.8716865 | C12: =IF(Backend!D39="", "", Backend!D39) -> 0.7140998 | D12: =IF(Backend!E39="", "", Backend!E39) -> -0.67086864 | E12: =IF(Backend!F39="", "", Backend!F39) -> 0.5960072 | F12: =IF(Backend!G39="", "", Backend!G39) -> 0.76529104 | G12: =IF(Backend!H39="", "", Backend!H39) -> 0.47695348 | H12: =IF(Backend!I39="", "", Backend!I39) -> 0.76522744 | I12: =IF(Backend!J39="", "", Backend!J39) -> 0.36385792 | ... AG12: =IF(Backend!AH39="", "", Backend!AH39) -> 0.4462283
A13: =IF(Backend!A40="", "", Backend!A40) -> Taiwan Semiconductor Manufacturing Co., Ltd. Sponsored ADR | B13: =IF(Backend!C40="", "", Backend!C40) -> 0.88043547 | C13: =IF(Backend!D40="", "", Backend!D40) -> 0.9118856 | D13: =IF(Backend!E40="", "", Backend!E40) -> -0.78433186 | E13: =IF(Backend!F40="", "", Backend!F40) -> 0.24599627 | F13: =IF(Backend!G40="", "", Backend!G40) -> 0.53169125 | G13: =IF(Backend!H40="", "", Backend!H40) -> 0.120667 | H13: =IF(Backend!I40="", "", Backend!I40) -> 0.8821594 | I13: =IF(Backend!J40="", "", Backend!J40) -> -0.11228606 | ... AG13: =IF(Backend!AH40="", "", Backend!AH40) -> 0.49781477
A14: =IF(Backend!A41="", "", Backend!A41) -> Charles Schwab Corp | B14: =IF(Backend!C41="", "", Backend!C41) -> 0.91421163 | C14: =IF(Backend!D41="", "", Backend!D41) -> 0.5819933 | D14: =IF(Backend!E41="", "", Backend!E41) -> -0.54468733 | E14: =IF(Backend!F41="", "", Backend!F41) -> 0.5808035 | F14: =IF(Backend!G41="", "", Backend!G41) -> 0.78840446 | G14: =IF(Backend!H41="", "", Backend!H41) -> 0.49418285 | H14: =IF(Backend!I41="", "", Backend!I41) -> 0.58164036 | I14: =IF(Backend!J41="", "", Backend!J41) -> 0.38254115 | ... AG14: =IF(Backend!AH41="", "", Backend!AH41) -> 0.6288033
A15: =IF(Backend!A42="", "", Backend!A42) -> Experian PLC | B15: =IF(Backend!C42="", "", Backend!C42) -> 0.59048843 | C15: =IF(Backend!D42="", "", Backend!D42) -> 0.11297436 | D15: =IF(Backend!E42="", "", Backend!E42) -> -0.080277234 | E15: =IF(Backend!F42="", "", Backend!F42) -> 0.59489787 | F15: =IF(Backend!G42="", "", Backend!G42) -> 0.69590086 | G15: =IF(Backend!H42="", "", Backend!H42) -> 0.53752166 | H15: =IF(Backend!I42="", "", Backend!I42) -> 0.14070116 | I15: =IF(Backend!J42="", "", Backend!J42) -> 0.5370706 | ... AG15: =IF(Backend!AH42="", "", Backend!AH42) -> 0.5789024
... A38: =IF(Backend!A65="", "", Backend!A65) | B38: =IF(Backend!C65="", "", Backend!C65) | C38: =IF(Backend!D65="", "", Backend!D65) | D38: =IF(Backend!E65="", "", Backend!E65) | E38: =IF(Backend!F65="", "", Backend!F65) | F38: =IF(Backend!G65="", "", Backend!G65) | G38: =IF(Backend!H65="", "", Backend!H65) | H38: =IF(Backend!I65="", "", Backend!I65) | I38: =IF(Backend!J65="", "", Backend!J65) | ... AG38: =IF(Backend!AH65="", "", Backend!AH65)
B39: =IF(Backend!C66="", "", Backend!C66) | C39: =IF(Backend!D66="", "", Backend!D66) | D39: =IF(Backend!E66="", "", Backend!E66) | E39: =IF(Backend!F66="", "", Backend!F66) | F39: =IF(Backend!G66="", "", Backend!G66) | G39: =IF(Backend!H66="", "", Backend!H66) | H39: =IF(Backend!I66="", "", Backend!I66) | I39: =IF(Backend!J66="", "", Backend!J66) | ... AG39: =IF(Backend!AH66="", "", Backend!AH66)
B40: =IF(Backend!C67="", "", Backend!C67) | C40: =IF(Backend!D67="", "", Backend!D67) | D40: =IF(Backend!E67="", "", Backend!E67) | E40: =IF(Backend!F67="", "", Backend!F67) | F40: =IF(Backend!G67="", "", Backend!G67) | G40: =IF(Backend!H67="", "", Backend!H67) | H40: =IF(Backend!I67="", "", Backend!I67) | I40: =IF(Backend!J67="", "", Backend!J67) | ... AG40: =IF(Backend!AH67="", "", Backend!AH67)
B41: =IF(Backend!C68="", "", Backend!C68) | C41: =IF(Backend!D68="", "", Backend!D68) | D41: =IF(Backend!E68="", "", Backend!E68) | E41: =IF(Backend!F68="", "", Backend!F68) | F41: =IF(Backend!G68="", "", Backend!G68) | G41: =IF(Backend!H68="", "", Backend!H68) | H41: =IF(Backend!I68="", "", Backend!I68) | I41: =IF(Backend!J68="", "", Backend!J68) | ... AG41: =IF(Backend!AH68="", "", Backend!AH68)
A42: =IF(Backend!A69="", "", Backend!A69) | B42: =IF(Backend!C69="", "", Backend!C69) | C42: =IF(Backend!D69="", "", Backend!D69) | D42: =IF(Backend!E69="", "", Backend!E69) | E42: =IF(Backend!F69="", "", Backend!F69) | F42: =IF(Backend!G69="", "", Backend!G69) | G42: =IF(Backend!H69="", "", Backend!H69) | H42: =IF(Backend!I69="", "", Backend!I69) | I42: =IF(Backend!J69="", "", Backend!J69) | ... AG42: =IF(Backend!AH69="", "", Backend!AH69)
A43: =IF(Backend!A70="", "", Backend!A70) | B43: =IF(Backend!C70="", "", Backend!C70) | C43: =IF(Backend!D70="", "", Backend!D70) | D43: =IF(Backend!E70="", "", Backend!E70) | E43: =IF(Backend!F70="", "", Backend!F70) | F43: =IF(Backend!G70="", "", Backend!G70) | G43: =IF(Backend!H70="", "", Backend!H70) | H43: =IF(Backend!I70="", "", Backend!I70) | I43: =IF(Backend!J70="", "", Backend!J70) | ... AG43: =IF(Backend!AH70="", "", Backend!AH70)
A44: =IF(Backend!A71="", "", Backend!A71) | B44: =IF(Backend!C71="", "", Backend!C71) | C44: =IF(Backend!D71="", "", Backend!D71) | D44: =IF(Backend!E71="", "", Backend!E71) | E44: =IF(Backend!F71="", "", Backend!F71) | F44: =IF(Backend!G71="", "", Backend!G71) | G44: =IF(Backend!H71="", "", Backend!H71) | H44: =IF(Backend!I71="", "", Backend!I71) | I44: =IF(Backend!J71="", "", Backend!J71) | ... AG44: =IF(Backend!AH71="", "", Backend!AH71)
A45: =IF(Backend!A72="", "", Backend!A72) | B45: =IF(Backend!C72="", "", Backend!C72) | C45: =IF(Backend!D72="", "", Backend!D72) | D45: =IF(Backend!E72="", "", Backend!E72) | E45: =IF(Backend!F72="", "", Backend!F72) | F45: =IF(Backend!G72="", "", Backend!G72) | G45: =IF(Backend!H72="", "", Backend!H72) | H45: =IF(Backend!I72="", "", Backend!I72) | I45: =IF(Backend!J72="", "", Backend!J72) | ... AG45: =IF(Backend!AH72="", "", Backend!AH72)
A46: =IF(Backend!A73="", "", Backend!A73) | B46: =IF(Backend!C73="", "", Backend!C73) | C46: =IF(Backend!D73="", "", Backend!D73) | D46: =IF(Backend!E73="", "", Backend!E73) | E46: =IF(Backend!F73="", "", Backend!F73) | F46: =IF(Backend!G73="", "", Backend!G73) | G46: =IF(Backend!H73="", "", Backend!H73) | H46: =IF(Backend!I73="", "", Backend!I73) | I46: =IF(Backend!J73="", "", Backend!J73) | ... AG46: =IF(Backend!AH73="", "", Backend!AH73)
A47: =IF(Backend!A74="", "", Backend!A74) | B47: =IF(Backend!C74="", "", Backend!C74) | C47: =IF(Backend!D74="", "", Backend!D74) | D47: =IF(Backend!E74="", "", Backend!E74) | E47: =IF(Backend!F74="", "", Backend!F74) | F47: =IF(Backend!G74="", "", Backend!G74) | G47: =IF(Backend!H74="", "", Backend!H74) | H47: =IF(Backend!I74="", "", Backend!I74) | I47: =IF(Backend!J74="", "", Backend!J74) | ... AG47: =IF(Backend!AH74="", "", Backend!AH74)
A48: =IF(Backend!A75="", "", Backend!A75) | B48: =IF(Backend!C75="", "", Backend!C75) | C48: =IF(Backend!D75="", "", Backend!D75) | D48: =IF(Backend!E75="", "", Backend!E75) | E48: =IF(Backend!F75="", "", Backend!F75) | F48: =IF(Backend!G75="", "", Backend!G75) | G48: =IF(Backend!H75="", "", Backend!H75) | H48: =IF(Backend!I75="", "", Backend!I75) | I48: =IF(Backend!J75="", "", Backend!J75) | ... AG48: =IF(Backend!AH75="", "", Backend!AH75)
A49: =IF(Backend!A76="", "", Backend!A76) | B49: =IF(Backend!C76="", "", Backend!C76) | C49: =IF(Backend!D76="", "", Backend!D76) | D49: =IF(Backend!E76="", "", Backend!E76) | E49: =IF(Backend!F76="", "", Backend!F76) | F49: =IF(Backend!G76="", "", Backend!G76) | G49: =IF(Backend!H76="", "", Backend!H76) | H49: =IF(Backend!I76="", "", Backend!I76) | I49: =IF(Backend!J76="", "", Backend!J76) | ... AG49: =IF(Backend!AH76="", "", Backend!AH76)
A50: =IF(Backend!A77="", "", Backend!A77) | B50: =IF(Backend!C77="", "", Backend!C77) | C50: =IF(Backend!D77="", "", Backend!D77) | D50: =IF(Backend!E77="", "", Backend!E77) | E50: =IF(Backend!F77="", "", Backend!F77) | F50: =IF(Backend!G77="", "", Backend!G77) | G50: =IF(Backend!H77="", "", Backend!H77) | H50: =IF(Backend!I77="", "", Backend!I77) | I50: =IF(Backend!J77="", "", Backend!J77) | ... AG50: =IF(Backend!AH77="", "", Backend!AH77)
A51: =IF(Backend!A78="", "", Backend!A78) | B51: =IF(Backend!C78="", "", Backend!C78) | C51: =IF(Backend!D78="", "", Backend!D78) | D51: =IF(Backend!E78="", "", Backend!E78) | E51: =IF(Backend!F78="", "", Backend!F78) | F51: =IF(Backend!G78="", "", Backend!G78) | G51: =IF(Backend!H78="", "", Backend!H78) | H51: =IF(Backend!I78="", "", Backend!I78) | I51: =IF(Backend!J78="", "", Backend!J78) | ... AG51: =IF(Backend!AH78="", "", Backend!AH78)
A52: =IF(Backend!A79="", "", Backend!A79) | B52: =IF(Backend!C79="", "", Backend!C79) | C52: =IF(Backend!D79="", "", Backend!D79) | D52: =IF(Backend!E79="", "", Backend!E79) | E52: =IF(Backend!F79="", "", Backend!F79) | F52: =IF(Backend!G79="", "", Backend!G79) | G52: =IF(Backend!H79="", "", Backend!H79) | H52: =IF(Backend!I79="", "", Backend!I79) | I52: =IF(Backend!J79="", "", Backend!J79) | ... AG52: =IF(Backend!AH79="", "", Backend!AH79)
A53: =IF(Backend!A80="", "", Backend!A80) | B53: =IF(Backend!C80="", "", Backend!C80) | C53: =IF(Backend!D80="", "", Backend!D80) | D53: =IF(Backend!E80="", "", Backend!E80) | E53: =IF(Backend!F80="", "", Backend!F80) | F53: =IF(Backend!G80="", "", Backend!G80) | G53: =IF(Backend!H80="", "", Backend!H80) | H53: =IF(Backend!I80="", "", Backend!I80) | I53: =IF(Backend!J80="", "", Backend!J80) | ... AG53: =IF(Backend!AH80="", "", Backend!AH80)
... A82: =IF(Backend!A109="", "", Backend!A109) | B82: =IF(Backend!C109="", "", Backend!C109) | C82: =IF(Backend!D109="", "", Backend!D109) | D82: =IF(Backend!E109="", "", Backend!E109) | E82: =IF(Backend!F109="", "", Backend!F109) | F82: =IF(Backend!G109="", "", Backend!G109) | G82: =IF(Backend!H109="", "", Backend!H109) | H82: =IF(Backend!I109="", "", Backend!I109) | I82: =IF(Backend!J109="", "", Backend!J109) | ... AG82: =IF(Backend!AH109="", "", Backend!AH109)

Sheet Backend
B1: As of Date: | C1: 45961
B2: Range: | C2: 1AY
B4: Legend:
C5: MSFT-US | D5: {=_xll.FDSC("-",C5,"PROPER_NAME")} -> Microsoft Corporation | E5: HDB-US | F5: {=_xll.FDSC("-",E5,"PROPER_NAME")} -> HDFC Bank Limited Sponsored ADR | G5: SHW-US | H5: {=_xll.FDSC("-",G5,"PROPER_NAME")} -> Sherwin-Williams Company | J5: {=_xll.FDSC("-",I5,"PROPER_NAME")} -> - | L5: {=_xll.FDSC("-",K5,"PROPER_NAME")} -> -
C6: GOOG-US | D6: {=_xll.FDSC("-",C6,"PROPER_NAME")} -> Alphabet Inc. Class C | E6: INTU-US | F6: {=_xll.FDSC("-",E6,"PROPER_NAME")} -> Intuit Inc. | G6: MCO-US | H6: {=_xll.FDSC("-",G6,"PROPER_NAME")} -> Moody's Corporation | J6: {=_xll.FDSC("-",I6,"PROPER_NAME")} -> - | L6: {=_xll.FDSC("-",K6,"PROPER_NAME")} -> -
C7: LSEG-GB | D7: {=_xll.FDSC("-",C7,"PROPER_NAME")} -> London Stock Exchange Group plc | E7: EW-US | F7: {=_xll.FDSC("-",E7,"PROPER_NAME")} -> Edwards Lifesciences Corporation | H7: {=_xll.FDSC("-",G7,"PROPER_NAME")} -> - | J7: {=_xll.FDSC("-",I7,"PROPER_NAME")} -> - | L7: {=_xll.FDSC("-",K7,"PROPER_NAME")} -> -
C8: V-US | D8: {=_xll.FDSC("-",C8,"PROPER_NAME")} -> Visa Inc. Class A | E8: FERG-US | F8: {=_xll.FDSC("-",E8,"PROPER_NAME")} -> Ferguson Enterprises Inc. | H8: {=_xll.FDSC("-",G8,"PROPER_NAME")} -> - | J8: {=_xll.FDSC("-",I8,"PROPER_NAME")} -> - | L8: {=_xll.FDSC("-",K8,"PROPER_NAME")} -> - | O8: {=_xll.FDSTHIS(""&N8&"")}
C9: MA-US | D9: {=_xll.FDSC("-",C9,"PROPER_NAME")} -> Mastercard Incorporated Class A | E9: ZTS-US | F9: {=_xll.FDSC("-",E9,"PROPER_NAME")} -> Zoetis, Inc. Class A | H9: {=_xll.FDSC("-",G9,"PROPER_NAME")} -> - | J9: {=_xll.FDSC("-",I9,"PROPER_NAME")} -> - | L9: {=_xll.FDSC("-",K9,"PROPER_NAME")} -> - | O9: {=_xll.FDSTHIS(""&N9&"")}
C10: ULVR-GB | D10: {=_xll.FDSC("-",C10,"PROPER_NAME")} -> Unilever PLC | E10: B3SA3-BR | F10: {=_xll.FDSC("-",E10,"PROPER_NAME")} -> B3 SA - Brasil, Bolsa, Balcao | H10: {=_xll.FDSC("-",G10,"PROPER_NAME")} -> - | J10: {=_xll.FDSC("-",I10,"PROPER_NAME")} -> - | L10: {=_xll.FDSC("-",K10,"PROPER_NAME")} -> - | O10: {=_xll.FDSTHIS(""&N10&"")}
C11: ASML-US | D11: {=_xll.FDSC("-",C11,"PROPER_NAME")} -> ASML Holding NV Sponsored ADR | E11: ATCO.B-SE | F11: {=_xll.FDSC("-",E11,"PROPER_NAME")} -> Atlas Copco AB Class B | H11: {=_xll.FDSC("-",G11,"PROPER_NAME")} -> - | J11: {=_xll.FDSC("-",I11,"PROPER_NAME")} -> - | L11: {=_xll.FDSC("-",K11,"PROPER_NAME")} -> - | O11: {=_xll.FDSTHIS(""&N11&"")}
C12: DB1-DE | D12: {=_xll.FDSC("-",C12,"PROPER_NAME")} -> Deutsche Boerse AG | E12: ALLE-US | F12: {=_xll.FDSC("-",E12,"PROPER_NAME")} -> Allegion Public Limited Company | H12: {=_xll.FDSC("-",G12,"PROPER_NAME")} -> - | J12: {=_xll.FDSC("-",I12,"PROPER_NAME")} -> - | L12: {=_xll.FDSC("-",K12,"PROPER_NAME")} -> - | O12: {=_xll.FDSTHIS(""&N12&"")}
C13: GE-US | D13: {=_xll.FDSC("-",C13,"PROPER_NAME")} -> GE Aerospace | E13: AZO-US | F13: {=_xll.FDSC("-",E13,"PROPER_NAME")} -> AutoZone, Inc. | H13: {=_xll.FDSC("-",G13,"PROPER_NAME")} -> - | J13: {=_xll.FDSC("-",I13,"PROPER_NAME")} -> - | L13: {=_xll.FDSC("-",K13,"PROPER_NAME")} -> - | O13: {=_xll.FDSTHIS(""&N13&"")}
C14: TSM-US | D14: {=_xll.FDSC("-",C14,"PROPER_NAME")} -> Taiwan Semiconductor Manufacturing Co., Ltd. Sponsored ADR | E14: BBCA-ID | F14: {=_xll.FDSC("-",E14,"PROPER_NAME")} -> PT Bank Central Asia Tbk | H14: {=_xll.FDSC("-",G14,"PROPER_NAME")} -> - | J14: {=_xll.FDSC("-",I14,"PROPER_NAME")} -> - | L14: {=_xll.FDSC("-",K14,"PROPER_NAME")} -> - | O14: {=_xll.FDSTHIS(""&N14&"")}
C15: SCHW-US | D15: {=_xll.FDSC("-",C15,"PROPER_NAME")} -> Charles Schwab Corp | E15: RTO-GB | F15: {=_xll.FDSC("-",E15,"PROPER_NAME")} -> Rentokil Initial plc | H15: {=_xll.FDSC("-",G15,"PROPER_NAME")} -> - | J15: {=_xll.FDSC("-",I15,"PROPER_NAME")} -> - | L15: {=_xll.FDSC("-",K15,"PROPER_NAME")} -> - | O15: {=_xll.FDSTHIS(""&N15&"")}
C16: EXPN-GB | D16: {=_xll.FDSC("-",C16,"PROPER_NAME")} -> Experian PLC | E16: WDAY-US | F16: {=_xll.FDSC("-",E16,"PROPER_NAME")} -> Workday, Inc. Class A | H16: {=_xll.FDSC("-",G16,"PROPER_NAME")} -> - | J16: {=_xll.FDSC("-",I16,"PROPER_NAME")} -> - | L16: {=_xll.FDSC("-",K16,"PROPER_NAME")} -> - | O16: {=_xll.FDSTHIS(""&N16&"")}
C17: SAF-FR | D17: {=_xll.FDSC("-",C17,"PROPER_NAME")} -> Safran SA | E17: ADSK-US | F17: {=_xll.FDSC("-",E17,"PROPER_NAME")} -> Autodesk, Inc. | H17: {=_xll.FDSC("-",G17,"PROPER_NAME")} -> - | J17: {=_xll.FDSC("-",I17,"PROPER_NAME")} -> - | L17: {=_xll.FDSC("-",K17,"PROPER_NAME")} -> - | O17: {=_xll.FDSTHIS(""&N17&"")}
C18: ROG-CH | D18: {=_xll.FDSC("-",C18,"PROPER_NAME")} -> Roche Holding Ltd Dividend Right Cert. | E18: BKNG-US | F18: {=_xll.FDSC("-",E18,"PROPER_NAME")} -> Booking Holdings Inc. | H18: {=_xll.FDSC("-",G18,"PROPER_NAME")} -> - | J18: {=_xll.FDSC("-",I18,"PROPER_NAME")} -> - | L18: {=_xll.FDSC("-",K18,"PROPER_NAME")} -> - | O18: {=_xll.FDSTHIS(""&N18&"")}
C19: 1299-HK | D19: {=_xll.FDSC("-",C19,"PROPER_NAME")} -> AIA Group Limited | E19: EVD-DE | F19: {=_xll.FDSC("-",E19,"PROPER_NAME")} -> CTS Eventim AG & Co. KGaA | H19: {=_xll.FDSC("-",G19,"PROPER_NAME")} -> - | J19: {=_xll.FDSC("-",I19,"PROPER_NAME")} -> - | O19: {=_xll.FDSTHIS(""&N19&"")}
D20: {=_xll.FDSC("-",C20,"PROPER_NAME")} -> -
D21: {=_xll.FDSC("-",C21,"PROPER_NAME")} -> -
D22: {=_xll.FDSC("-",C22,"PROPER_NAME")} -> -
D23: {=_xll.FDSC("-",C23,"PROPER_NAME")} -> -
B26: {=_xll.FDS("DUMMY","PROPER(""Correlation of Daily Data Between "") + FG_DATE("&$C$1&"-"&$C$2&") + LOWERCASE("" and "") + FG_DATE("&$C$1&") + LOWERCASE("":"")")} -> Correlation Of Daily Data Between 10/31/2024 and 10/31/2025:
B27: {=_xll.FDSB("DUMMY","STRING_ARRAY IDS=TICKER_LIST('"&_xlfn.TEXTJOIN(" ",TRUE,C5:C23,E5:E23,G5:G23)&"');""FDS Code - Do Not Delete""")} -> FDS CODE - DO NOT DELETE | C27: {=_xll.FDSB("DUMMY","FLOAT_ARRAY CORRELMATRIX=GET_FQL_ARRAY(IDS,'FG_PRICE("&$C$1&","&$C$1&"-"&$C$2&",D,USD)');'FDS Code - Do Not Delete'")} -> FDS CODE - DO NOT DELETE
C29: {=_xll.FDS(C30,"FG_COMPANY_NAME")} -> Microsoft Corporation | D29: {=_xll.FDS(D30,"FG_COMPANY_NAME")} -> Alphabet Inc. Class C | E29: {=_xll.FDS(E30,"FG_COMPANY_NAME")} -> London Stock Exchange Group plc | F29: {=_xll.FDS(F30,"FG_COMPANY_NAME")} -> Visa Inc. Class A | G29: {=_xll.FDS(G30,"FG_COMPANY_NAME")} -> Mastercard Incorporated Class A | H29: {=_xll.FDS(H30,"FG_COMPANY_NAME")} -> Unilever PLC | I29: {=_xll.FDS(I30,"FG_COMPANY_NAME")} -> ASML Holding NV Sponsored ADR | J29: {=_xll.FDS(J30,"FG_COMPANY_NAME")} -> Deutsche Boerse AG | ... BI29: {=_xll.FDS(BI30,"FG_COMPANY_NAME")} -> #N/A
C30: {=_xll.FDSR(V27,"IDS")} -> MSFT-US | D30: GOOG-US | E30: LSEG-GB | F30: V-US | G30: MA-US | H30: ULVR-GB | I30: ASML-US | J30: DB1-DE | K30: GE-US | L30: TSM-US | M30: SCHW-US | N30: EXPN-GB | O30: SAF-FR | P30: ROG-CH | Q30: 1299-HK | R30: HDB-US | S30: INTU-US | T30: EW-US | U30: FERG-US | V30: ZTS-US | W30: B3SA3-BR | X30: ATCO.B-SE | Y30: ALLE-US | Z30: AZO-US | AA30: BBCA-ID | AB30: RTO-GB | AC30: WDAY-US | AD30: ADSK-US | AE30: BKNG-US | AF30: EVD-DE | AG30: SHW-US | AH30: MCO-US
A31: {=_xll.FDS(B31,"FG_COMPANY_NAME")} -> Microsoft Corporation | B31: {=_xll.FDSB(V23,"IDS")} -> MSFT-US | C31: {=_xll.FDSB("DUMMY","CORREL_MATRIX(CORRELMATRIX)")} -> 1 | D31: 0.70593476 | E31: -0.63645244 | F31: 0.3676423 | G31: 0.6533294 | H31: 0.34959054 | I31: 0.6717653 | J31: 0.16902007 | K31: 0.8716865 | L31: 0.88043547 | M31: 0.91421163 | N31: 0.59048843 | O31: 0.8357729 | P31: 0.29381698 | Q31: 0.8596841 | R31: 0.6743258 | S31: 0.71838593 | T31: 0.74858326 | U31: 0.89578664 | V31: -0.5583033 | W31: 0.56996876 | X31: 0.13674219 | Y31: 0.8842032 | Z31: 0.6514036 | AA31: -0.437175 | AB31: 0.46980768 | AC31: -0.37997007 | AD31: 0.6593172 | AE31: 0.82277054 | AF31: 0.03862189 | AG31: -0.070750654 | AH31: 0.6085905
A32: {=_xll.FDS(B32,"FG_COMPANY_NAME")} -> Alphabet Inc. Class C | B32: GOOG-US | C32: 0.70593476 | D32: 1 | E32: -0.83801097 | F32: 0.088617705 | G32: 0.4345135 | H32: 0.04355542 | I32: 0.85035014 | J32: -0.30104807 | K32: 0.7140998 | L32: 0.9118856 | M32: 0.5819933 | N32: 0.11297436 | O32: 0.6097841 | P32: 0.35419536 | Q32: 0.5854946 | R32: 0.13275076 | S32: 0.13442287 | T32: 0.43807083 | U32: 0.6967033 | V32: -0.52302426 | W32: 0.20279378 | X32: 0.49729005 | Y32: 0.7956112 | Z32: 0.5204921 | AA32: -0.41870984 | AB32: 0.6504941 | AC32: -0.23035027 | AD32: 0.6330727 | AE32: 0.34510216 | AF32: -0.46180964 | AG32: -0.1174782 | AH32: 0.3739481
A33: {=_xll.FDS(B33,"FG_COMPANY_NAME")} -> London Stock Exchange Group plc | B33: LSEG-GB | C33: -0.63645244 | D33: -0.83801097 | E33: 1 | F33: 0.05400079 | G33: -0.32620287 | H33: -0.04736814 | I33: -0.66573167 | J33: 0.25646022 | K33: -0.67086864 | L33: -0.78433186 | M33: -0.54468733 | N33: -0.080277234 | O33: -0.5928301 | P33: -0.36136472 | Q33: -0.67889506 | R33: -0.13413218 | S33: -0.13910365 | T33: -0.30478787 | U33: -0.6825094 | V33: 0.5757784 | W33: -0.20706014 | X33: -0.28965846 | Y33: -0.83910525 | Z33: -0.58651614 | AA33: 0.5708236 | AB33: -0.45805982 | AC33: 0.41446158 | AD33: -0.46417063 | AE33: -0.3093783 | AF33: 0.44181794 | AG33: 0.09134149 | AH33: -0.25641355
A34: {=_xll.FDS(B34,"FG_COMPANY_NAME")} -> Visa Inc. Class A | B34: V-US | C34: 0.3676423 | D34: 0.088617705 | E34: 0.05400079 | F34: 1 | G34: 0.81823975 | H34: 0.4485835 | I34: 0.31107718 | J34: 0.71381146 | K34: 0.5960072 | L34: 0.24599627 | M34: 0.5808035 | N34: 0.59489787 | O34: 0.6328898 | P34: 0.62471074 | Q34: 0.42725363 | R34: 0.50983447 | S34: 0.37592852 | T34: 0.58998245 | U34: 0.19331364 | V34: -0.3670837 | W34: 0.7207087 | X34: 0.24989745 | Y34: 0.2500192 | Z34: 0.60568255 | AA34: -0.426597 | AB34: -0.056886252 | AC34: -0.16816874 | AD34: 0.07103802 | AE34: 0.4564856 | AF34: 0.64860237 | AG34: -0.24333113 | AH34: 0.36313996
A35: {=_xll.FDS(B35,"FG_COMPANY_NAME")} -> Mastercard Incorporated Class A | B35: MA-US | C35: 0.6533294 | D35: 0.4345135 | E35: -0.32620287 | F35: 0.81823975 | G35: 1 | H35: 0.46794787 | I35: 0.4596364 | J35: 0.44396263 | K35: 0.76529104 | L35: 0.53169125 | M35: 0.78840446 | N35: 0.69590086 | O35: 0.7564223 | P35: 0.54465955 | Q35: 0.6620408 | R35: 0.5211218 | S35: 0.44365242 | T35: 0.72928745 | U35: 0.52619654 | V35: -0.36784297 | W35: 0.6660933 | X35: 0.31670925 | Y35: 0.62214196 | Z35: 0.73957497 | AA35: -0.4088436 | AB35: 0.27256742 | AC35: -0.17890595 | AD35: 0.43372157 | AE35: 0.6890489 | AF35: 0.3323738 | AG35: 0.049620707 | AH35: 0.65752286
A36: {=_xll.FDS(B36,"FG_COMPANY_NAME")} -> Unilever PLC | B36: ULVR-GB | C36: 0.34959054 | D36: 0.04355542 | E36: -0.04736814 | F36: 0.4485835 | G36: 0.46794787 | H36: 1 | I36: 0.13849494 | J36: 0.67190653 | K36: 0.47695348 | L36: 0.120667 | M36: 0.49418285 | N36: 0.53752166 | O36: 0.50954825 | P36: 0.32581758 | Q36: 0.4810734 | R36: 0.74453366 | S36: 0.37469864 | T36: 0.46993116 | U36: 0.32125884 | V36: -0.36154073 | W36: 0.7062009 | X36: -0.11404255 | Y36: 0.40145046 | Z36: 0.59643507 | AA36: -0.483582 | AB36: -0.06911231 | AC36: -0.4473838 | AD36: 0.021110859 | AE36: 0.4080271 | AF36: 0.42073336 | AG36: -0.026027761 | AH36: -0.04675638
A37: {=_xll.FDS(B37,"FG_COMPANY_NAME")} -> ASML Holding NV Sponsored ADR | B37: ASML-US | C37: 0.6717653 | D37: 0.85035014 | E37: -0.66573167 | F37: 0.31107718 | G37: 0.4596364 | H37: 0.13849494 | I37: 1 | J37: -0.06267396 | K37: 0.76522744 | L37: 0.8821594 | M37: 0.58164036 | N37: 0.14070116 | O37: 0.6935754 | P37: 0.536132 | Q37: 0.6014824 | R37: 0.26240408 | S37: 0.21628004 | T37: 0.42284018 | U37: 0.6423115 | V37: -0.5555716 | W37: 0.4115242 | X37: 0.5979543 | Y37: 0.6998423 | Z37: 0.522975 | AA37: -0.48684695 | AB37: 0.5667903 | AC37: -0.19749087 | AD37: 0.5182297 | AE37: 0.34850475 | AF37: -0.20623858 | AG37: -0.27945054 | AH37: 0.22869699
A38: {=_xll.FDS(B38,"FG_COMPANY_NAME")} -> Deutsche Boerse AG | B38: DB1-DE | C38: 0.16902007 | D38: -0.30104807 | E38: 0.25646022 | F38: 0.71381146 | G38: 0.44396263 | H38: 0.67190653 | I38: -0.06267396 | J38: 1 | K38: 0.36385792 | L38: -0.11228606 | M38: 0.38254115 | N38: 0.5370706 | O38: 0.49742395 | P38: 0.39345244 | Q38: 0.33061644 | R38: 0.67380154 | S38: 0.39122966 | T38: 0.44255853 | U38: -0.021958575 | V38: -0.41692477 | W38: 0.79102033 | X38: -0.20984213 | Y38: 0.07267874 | Z38: 0.5401154 | AA38: -0.47315285 | AB38: -0.48590955 | AC38: -0.4591525 | AD38: -0.31023037 | AE38: 0.31491366 | AF38: 0.8522897 | AG38: -0.34818318 | AH38: -0.060925145
A39: {=_xll.FDS(B39,"FG_COMPANY_NAME")} -> GE Aerospace | B39: GE-US | C39: 0.8716865 | D39: 0.7140998 | E39: -0.67086864 | F39: 0.5960072 | G39: 0.76529104 | H39: 0.47695348 | I39: 0.76522744 | J39: 0.36385792 | K39: 1 | L39: 0.8468089 | M39: 0.9175028 | N39: 0.5951055 | O39: 0.9743468 | P39: 0.6353651 | Q39: 0.893112 | R39: 0.64839494 | S39: 0.54580206 | T39: 0.72110337 | U39: 0.7884916 | V39: -0.7386215 | W39: 0.753162 | X39: 0.31174797 | Y39: 0.8795006 | Z39: 0.85118544 | AA39: -0.7270927 | AB39: 0.3646207 | AC39: -0.5366381 | AD39: 0.4667961 | AE39: 0.6624978 | AF39: 0.17796366 | AG39: -0.24973953 | AH39: 0.4462283
A40: {=_xll.FDS(B40,"FG_COMPANY_NAME")} -> Taiwan Semiconductor Manufacturing Co., Ltd. Sponsored ADR | B40: TSM-US | C40: 0.88043547 | D40: 0.9118856 | E40: -0.78433186 | F40: 0.24599627 | G40: 0.53169125 | H40: 0.120667 | I40: 0.8821594 | J40: -0.11228606 | K40: 0.8468089 | L40: 1 | M40: 0.76421314 | N40: 0.3374427 | O40: 0.7714593 | P40: 0.42023695 | Q40: 0.7437006 | R40: 0.37832555 | S40: 0.42329928 | T40: 0.5554663 | U40: 0.8457554 | V40: -0.5764529 | W40: 0.39158252 | X40: 0.43057773 | Y40: 0.8686027 | Z40: 0.57547593 | AA40: -0.46657103 | AB40: 0.63641614 | AC40: -0.3092271 | AD40: 0.67604893 | AE40: 0.56915194 | AF40: -0.23145361 | AG40: -0.16296916 | AH40: 0.49781477
A41: {=_xll.FDS(B41,"FG_COMPANY_NAME")} -> Charles Schwab Corp | B41: SCHW-US | C41: 0.91421163 | D41: 0.5819933 | E41: -0.54468733 | F41: 0.5808035 | G41: 0.78840446 | H41: 0.49418285 | I41: 0.58164036 | J41: 0.38254115 | K41: 0.9175028 | L41: 0.76421314 | M41: 1 | N41: 0.7242714 | O41: 0.9011488 | P41: 0.4286066 | Q41: 0.85586035 | R41: 0.7407501 | S41: 0.67912257 | T41: 0.7896123 | U41: 0.8278383 | V41: -0.5970757 | W41: 0.70885336 | X41: 0.12748152 | Y41: 0.85337543 | Z41: 0.77254534 | AA41: -0.55374616 | AB41: 0.3517464 | AC41: -0.42901167 | AD41: 0.5465695 | AE41: 0.8146413 | AF41: 0.2217108 | AG41: -0.06334584 | AH41: 0.6288033
A42: {=_xll.FDS(B42,"FG_COMPANY_NAME")} -> Experian PLC | B42: EXPN-GB | C42: 0.59048843 | D42: 0.11297436 | E42: -0.080277234 | F42: 0.59489787 | G42: 0.69590086 | H42: 0.53752166 | I42: 0.14070116 | J42: 0.5370706 | K42: 0.5951055 | L42: 0.3374427 | M42: 0.7242714 | N42: 1 | O42: 0.6305383 | P42: 0.32420537 | Q42: 0.55935574 | R42: 0.655634 | S42: 0.6286616 | T42: 0.55849946 | U42: 0.5267313 | V42: -0.25058997 | W42: 0.6940536 | X42: 0.03521079 | Y42: 0.48983318 | Z42: 0.49698514 | AA42: -0.3585083 | AB42: 0.11803714 | AC42: -0.2656612 | AD42: 0.38341677 | AE42: 0.73634344 | AF42: 0.5767266 | AG42: 0.1443851 | AH42: 0.5789024
A43: {=_xll.FDS(B43,"FG_COMPANY_NAME")} -> Safran SA | B43: SAF-FR | C43: 0.8357729 | D43: 0.6097841 | E43: -0.5928301 | F43: 0.6328898 | G43: 0.7564223 | H43: 0.50954825 | I43: 0.6935754 | J43: 0.49742395 | K43: 0.9743468 | L43: 0.7714593 | M43: 0.9011488 | N43: 0.6305383 | O43: 1 | P43: 0.6656336 | Q43: 0.8913696 | R43: 0.68493545 | S43: 0.5556211 | T43: 0.72285056 | U43: 0.72498775 | V43: -0.75195485 | W43: 0.80935913 | X43: 0.26819238 | Y43: 0.8318732 | Z43: 0.8637351 | AA43: -0.755613 | AB43: 0.24754404 | AC43: -0.59105974 | AD43: 0.346362 | AE43: 0.652875 | AF43: 0.3035279 | AG43: -0.29551873 | AH43: 0.40606788
... A62: {=_xll.FDS(B62,"FG_COMPANY_NAME")} -> Moody's Corporation | B62: MCO-US | C62: 0.6085905 | D62: 0.3739481 | E62: -0.25641355 | F62: 0.36313996 | G62: 0.65752286 | H62: -0.04675638 | I62: 0.22869699 | J62: -0.060925145 | K62: 0.4462283 | L62: 0.49781477 | M62: 0.6288033 | N62: 0.5789024 | O62: 0.40606788 | P62: 0.08398972 | Q62: 0.3968373 | R62: 0.23690847 | S62: 0.4379869 | T62: 0.54310673 | U62: 0.579531 | V62: 0.0075921123 | W62: 0.14174497 | X62: 0.18540765 | Y62: 0.47441444 | Z62: 0.26153237 | AA62: 0.094131276 | AB62: 0.48969674 | AC62: 0.08166252 | AD62: 0.61643595 | AE62: 0.69211715 | AF62: 0.023357874 | AG62: 0.3916178 | AH62: 1

Sheet Proof
A2: As of Date: | B2: 45657
A3: Range: | B3: 1AY
B6: Date | C6: META-US | D6: AMZN-US
B7: {=_xll.FDS(C6,"JULIAN(FG_PRICE("&$B$2&","&$B$2&"-"&$B$3&",,USD).dates)")} -> 45657 | C7: {=_xll.FDS(C6,"FG_PRICE("&$B$2&","&$B$2&"-"&$B$3&",,USD)")} -> 585.51 | D7: {=_xll.FDS(D6,"FG_PRICE("&$B$2&","&$B$2&"-"&$B$3&",,USD)")} -> 219.39 | G7: FactSet | H7: =Backend!C32 -> 0.70593476
B8: 45656 | C8: 591.24 | D8: 221.3 | G8: Excel | H8: =CORREL(_xlfn.ANCHORARRAY(C7),_xlfn.ANCHORARRAY(D7)) -> 0.82708172
B9: 45653 | C9: 599.81 | D9: 223.75 | G9: Pearson | H9: =PEARSON(_xlfn.ANCHORARRAY(C7),_xlfn.ANCHORARRAY(D7)) -> 0.82708172
B10: 45652 | C10: 603.35 | D10: 227.05
B11: 45650 | C11: 607.75 | D11: 229.05
B12: 45649 | C12: 599.85 | D12: 225.06
B13: 45646 | C13: 585.25 | D13: 224.92
B14: 45645 | C14: 595.57 | D14: 223.29
B15: 45644 | C15: 597.19 | D15: 220.52
B16: 45643 | C16: 619.44 | D16: 231.15
B17: 45642 | C17: 624.24 | D17: 232.93
B18: 45639 | C18: 620.35 | D18: 227.46
B19: 45638 | C19: 630.79 | D19: 228.97
B20: 45637 | C20: 632.68 | D20: 230.26
B21: 45636 | C21: 619.32 | D21: 225.04
... B259: 45289 | C259: 353.96 | D259: 151.94

Sheet __APW_ACTIVE_FIELD_RESTORE__
