Workbook

Sheet __FDSCACHE__
B1: This sheet contains FactSet XML data for use with this workbook's =FDS codes. Modifying the worksheet's contents may damage the workbook's =FDS functionality.

Sheet Correlation Matrix
A1: Correlation Matrix
A3: =IF(Backend!B30="", "", Backend!B30) | B3: =IF(Backend!C29="", "", Backend!C29) -> Microsoft Corporation | C3: =IF(Backend!D29="", "", Backend!D29) -> London Stock Exchange Group plc | D3: =IF(Backend!E29="", "", Backend!E29) -> Visa Inc. Class A | E3: =IF(Backend!F29="", "", Backend!F29) -> Deutsche Boerse AG | F3: =IF(Backend!G29="", "", Backend!G29) -> Alphabet Inc. Class C | G3: =IF(Backend!H29="", "", Backend!H29) -> Intuit Inc. | H3: =IF(Backend!I29="", "", Backend!I29) -> CTS Eventim AG & Co. KGaA | I3: =IF(Backend!J29="", "", Backend!J29) -> Melrose Industries PLC | ... AJ3: =IF(Backend!AK29="", "", Backend!AK29) | BX3: =IF(Backend!BY30="", "", Backend!BY30) | BY3: =IF(Backend!BZ30="", "", Backend!BZ30) | BZ3: =IF(Backend!CA30="", "", Backend!CA30) | CA3: =IF(Backend!CB30="", "", Backend!CB30) | CB3: =IF(Backend!CC30="", "", Backend!CC30) | CC3: =IF(Backend!CD30="", "", Backend!CD30)
A4: =IF(Backend!A31="", "", Backend!A31) -> Microsoft Corporation | B4: =IF(Backend!C31="", "", Backend!C31) -> 1 | C4: =IF(Backend!D31="", "", Backend!D31) -> -0.63645244 | D4: =IF(Backend!E31="", "", Backend!E31) -> 0.3676423 | E4: =IF(Backend!F31="", "", Backend!F31) -> 0.16902007 | F4: =IF(Backend!G31="", "", Backend!G31) -> 0.70593476 | G4: =IF(Backend!H31="", "", Backend!H31) -> 0.71838593 | H4: =IF(Backend!I31="", "", Backend!I31) -> 0.03862189 | I4: =IF(Backend!J31="", "", Backend!J31) -> 0.61157507 | ... AJ4: =IF(Backend!AK31="", "", Backend!AK31) | BX4: =IF(Backend!BY31="", "", Backend!BY31) | BY4: =IF(Backend!BZ31="", "", Backend!BZ31) | BZ4: =IF(Backend!CA31="", "", Backend!CA31) | CA4: =IF(Backend!CB31="", "", Backend!CB31) | CB4: =IF(Backend!CC31="", "", Backend!CC31) | CC4: =IF(Backend!CD31="", "", Backend!CD31)
A5: =IF(Backend!A32="", "", Backend!A32) -> London Stock Exchange Group plc | B5: =IF(Backend!C32="", "", Backend!C32) -> -0.63645244 | C5: =IF(Backend!D32="", "", Backend!D32) -> 1 | D5: =IF(Backend!E32="", "", Backend!E32) -> 0.05400079 | E5: =IF(Backend!F32="", "", Backend!F32) -> 0.25646022 | F5: =IF(Backend!G32="", "", Backend!G32) -> -0.83801097 | G5: =IF(Backend!H32="", "", Backend!H32) -> -0.13910365 | H5: =IF(Backend!I32="", "", Backend!I32) -> 0.44181794 | I5: =IF(Backend!J32="", "", Backend!J32) -> -0.65768814 | ... CC5: =IF(Backend!CD32="", "", Backend!CD32)
A6: =IF(Backend!A33="", "", Backend!A33) -> Visa Inc. Class A | B6: =IF(Backend!C33="", "", Backend!C33) -> 0.3676423 | C6: =IF(Backend!D33="", "", Backend!D33) -> 0.05400079 | D6: =IF(Backend!E33="", "", Backend!E33) -> 1 | E6: =IF(Backend!F33="", "", Backend!F33) -> 0.71381146 | F6: =IF(Backend!G33="", "", Backend!G33) -> 0.088617705 | G6: =IF(Backend!H33="", "", Backend!H33) -> 0.37592852 | H6: =IF(Backend!I33="", "", Backend!I33) -> 0.64860237 | I6: =IF(Backend!J33="", "", Backend!J33) -> 0.19845256 | ... CC6: =IF(Backend!CD33="", "", Backend!CD33)
A7: =IF(Backend!A34="", "", Backend!A34) -> Deutsche Boerse AG | B7: =IF(Backend!C34="", "", Backend!C34) -> 0.16902007 | C7: =IF(Backend!D34="", "", Backend!D34) -> 0.25646022 | D7: =IF(Backend!E34="", "", Backend!E34) -> 0.71381146 | E7: =IF(Backend!F34="", "", Backend!F34) -> 1 | F7: =IF(Backend!G34="", "", Backend!G34) -> -0.30104807 | G7: =IF(Backend!H34="", "", Backend!H34) -> 0.39122966 | H7: =IF(Backend!I34="", "", Backend!I34) -> 0.8522897 | I7: =IF(Backend!J34="", "", Backend!J34) -> -0.277306 | ... CC7: =IF(Backend!CD34="", "", Backend!CD34)
A8: =IF(Backend!A35="", "", Backend!A35) -> Alphabet Inc. Class C | B8: =IF(Backend!C35="", "", Backend!C35) -> 0.70593476 | C8: =IF(Backend!D35="", "", Backend!D35) -> -0.83801097 | D8: =IF(Backend!E35="", "", Backend!E35) -> 0.088617705 | E8: =IF(Backend!F35="", "", Backend!F35) -> -0.30104807 | F8: =IF(Backend!G35="", "", Backend!G35) -> 1 | G8: =IF(Backend!H35="", "", Backend!H35) -> 0.13442287 | H8: =IF(Backend!I35="", "", Backend!I35) -> -0.46180964 | I8: =IF(Backend!J35="", "", Backend!J35) -> 0.7839827 | ... CC8: =IF(Backend!CD35="", "", Backend!CD35)
A9: =IF(Backend!A36="", "", Backend!A36) -> Intuit Inc. | B9: =IF(Backend!C36="", "", Backend!C36) -> 0.71838593 | C9: =IF(Backend!D36="", "", Backend!D36) -> -0.13910365 | D9: =IF(Backend!E36="", "", Backend!E36) -> 0.37592852 | E9: =IF(Backend!F36="", "", Backend!F36) -> 0.39122966 | F9: =IF(Backend!G36="", "", Backend!G36) -> 0.13442287 | G9: =IF(Backend!H36="", "", Backend!H36) -> 1 | H9: =IF(Backend!I36="", "", Backend!I36) -> 0.41168347 | I9: =IF(Backend!J36="", "", Backend!J36) -> 0.099891506 | ... CC9: =IF(Backend!CD36="", "", Backend!CD36)
A10: =IF(Backend!A37="", "", Backend!A37) -> CTS Eventim AG & Co. KGaA | B10: =IF(Backend!C37="", "", Backend!C37) -> 0.03862189 | C10: =IF(Backend!D37="", "", Backend!D37) -> 0.44181794 | D10: =IF(Backend!E37="", "", Backend!E37) -> 0.64860237 | E10: =IF(Backend!F37="", "", Backend!F37) -> 0.8522897 | F10: =IF(Backend!G37="", "", Backend!G37) -> -0.46180964 | G10: =IF(Backend!H37="", "", Backend!H37) -> 0.41168347 | H10: =IF(Backend!I37="", "", Backend!I37) -> 1 | I10: =IF(Backend!J37="", "", Backend!J37) -> -0.3359251 | ... CC10: =IF(Backend!CD37="", "", Backend!CD37)
A11: =IF(Backend!A38="", "", Backend!A38) -> Melrose Industries PLC | B11: =IF(Backend!C38="", "", Backend!C38) -> 0.61157507 | C11: =IF(Backend!D38="", "", Backend!D38) -> -0.65768814 | D11: =IF(Backend!E38="", "", Backend!E38) -> 0.19845256 | E11: =IF(Backend!F38="", "", Backend!F38) -> -0.277306 | F11: =IF(Backend!G38="", "", Backend!G38) -> 0.7839827 | G11: =IF(Backend!H38="", "", Backend!H38) -> 0.099891506 | H11: =IF(Backend!I38="", "", Backend!I38) -> -0.3359251 | I11: =IF(Backend!J38="", "", Backend!J38) -> 1 | ... CC11: =IF(Backend!CD38="", "", Backend!CD38)
A12: =IF(Backend!A39="", "", Backend!A39) -> Safran SA | B12: =IF(Backend!C39="", "", Backend!C39) -> 0.8357729 | C12: =IF(Backend!D39="", "", Backend!D39) -> -0.5928301 | D12: =IF(Backend!E39="", "", Backend!E39) -> 0.6328898 | E12: =IF(Backend!F39="", "", Backend!F39) -> 0.49742395 | F12: =IF(Backend!G39="", "", Backend!G39) -> 0.6097841 | G12: =IF(Backend!H39="", "", Backend!H39) -> 0.5556211 | H12: =IF(Backend!I39="", "", Backend!I39) -> 0.3035279 | I12: =IF(Backend!J39="", "", Backend!J39) -> 0.5533381 | ... CC12: =IF(Backend!CD39="", "", Backend!CD39)
A13: =IF(Backend!A40="", "", Backend!A40) -> Autodesk, Inc. | B13: =IF(Backend!C40="", "", Backend!C40) -> 0.6593172 | C13: =IF(Backend!D40="", "", Backend!D40) -> -0.46417063 | D13: =IF(Backend!E40="", "", Backend!E40) -> 0.07103802 | E13: =IF(Backend!F40="", "", Backend!F40) -> -0.31023037 | F13: =IF(Backend!G40="", "", Backend!G40) -> 0.6330727 | G13: =IF(Backend!H40="", "", Backend!H40) -> 0.44841853 | H13: =IF(Backend!I40="", "", Backend!I40) -> -0.28101522 | I13: =IF(Backend!J40="", "", Backend!J40) -> 0.5818574 | ... CC13: =IF(Backend!CD40="", "", Backend!CD40)
A14: =IF(Backend!A41="", "", Backend!A41) -> GE Aerospace | B14: =IF(Backend!C41="", "", Backend!C41) -> 0.8716865 | C14: =IF(Backend!D41="", "", Backend!D41) -> -0.67086864 | D14: =IF(Backend!E41="", "", Backend!E41) -> 0.5960072 | E14: =IF(Backend!F41="", "", Backend!F41) -> 0.36385792 | F14: =IF(Backend!G41="", "", Backend!G41) -> 0.7140998 | G14: =IF(Backend!H41="", "", Backend!H41) -> 0.54580206 | H14: =IF(Backend!I41="", "", Backend!I41) -> 0.17796366 | I14: =IF(Backend!J41="", "", Backend!J41) -> 0.60810685 | ... CC14: =IF(Backend!CD41="", "", Backend!CD41)
A15: =IF(Backend!A42="", "", Backend!A42) | B15: =IF(Backend!C42="", "", Backend!C42) | C15: =IF(Backend!D42="", "", Backend!D42) | D15: =IF(Backend!E42="", "", Backend!E42) | E15: =IF(Backend!F42="", "", Backend!F42) | F15: =IF(Backend!G42="", "", Backend!G42) | G15: =IF(Backend!H42="", "", Backend!H42) | H15: =IF(Backend!I42="", "", Backend!I42) | I15: =IF(Backend!J42="", "", Backend!J42) | ... CC15: =IF(Backend!CD42="", "", Backend!CD42)
A16: =IF(Backend!A43="", "", Backend!A43) | B16: =IF(Backend!C43="", "", Backend!C43) | C16: =IF(Backend!D43="", "", Backend!D43) | D16: =IF(Backend!E43="", "", Backend!E43) | E16: =IF(Backend!F43="", "", Backend!F43) | F16: =IF(Backend!G43="", "", Backend!G43) | G16: =IF(Backend!H43="", "", Backend!H43) | H16: =IF(Backend!I43="", "", Backend!I43) | I16: =IF(Backend!J43="", "", Backend!J43) | ... CC16: =IF(Backend!CD43="", "", Backend!CD43)
... A38: =IF(Backend!A65="", "", Backend!A65) | B38: =IF(Backend!C65="", "", Backend!C65) | C38: =IF(Backend!D65="", "", Backend!D65) | D38: =IF(Backend!E65="", "", Backend!E65) | E38: =IF(Backend!F65="", "", Backend!F65) | F38: =IF(Backend!G65="", "", Backend!G65) | G38: =IF(Backend!H65="", "", Backend!H65) | H38: =IF(Backend!I65="", "", Backend!I65) | I38: =IF(Backend!J65="", "", Backend!J65) | ... CC38: =IF(Backend!CD65="", "", Backend!CD65)
B39: =IF(Backend!C66="", "", Backend!C66) | C39: =IF(Backend!D66="", "", Backend!D66) | D39: =IF(Backend!E66="", "", Backend!E66) | E39: =IF(Backend!F66="", "", Backend!F66) | F39: =IF(Backend!G66="", "", Backend!G66) | G39: =IF(Backend!H66="", "", Backend!H66) | H39: =IF(Backend!I66="", "", Backend!I66) | I39: =IF(Backend!J66="", "", Backend!J66) | ... CC39: =IF(Backend!CD66="", "", Backend!CD66)
B40: =IF(Backend!C67="", "", Backend!C67) | C40: =IF(Backend!D67="", "", Backend!D67) | D40: =IF(Backend!E67="", "", Backend!E67) | E40: =IF(Backend!F67="", "", Backend!F67) | F40: =IF(Backend!G67="", "", Backend!G67) | G40: =IF(Backend!H67="", "", Backend!H67) | H40: =IF(Backend!I67="", "", Backend!I67) | I40: =IF(Backend!J67="", "", Backend!J67) | ... CC40: =IF(Backend!CD67="", "", Backend!CD67)
B41: =IF(Backend!C68="", "", Backend!C68) | C41: =IF(Backend!D68="", "", Backend!D68) | D41: =IF(Backend!E68="", "", Backend!E68) | E41: =IF(Backend!F68="", "", Backend!F68) | F41: =IF(Backend!G68="", "", Backend!G68) | G41: =IF(Backend!H68="", "", Backend!H68) | H41: =IF(Backend!I68="", "", Backend!I68) | I41: =IF(Backend!J68="", "", Backend!J68) | ... CC41: =IF(Backend!CD68="", "", Backend!CD68)
A42: =IF(Backend!A69="", "", Backend!A69) | B42: =IF(Backend!C69="", "", Backend!C69) | C42: =IF(Backend!D69="", "", Backend!D69) | D42: =IF(Backend!E69="", "", Backend!E69) | E42: =IF(Backend!F69="", "", Backend!F69) | F42: =IF(Backend!G69="", "", Backend!G69) | G42: =IF(Backend!H69="", "", Backend!H69) | H42: =IF(Backend!I69="", "", Backend!I69) | I42: =IF(Backend!J69="", "", Backend!J69) | ... CC42: =IF(Backend!CD69="", "", Backend!CD69)
A43: =IF(Backend!A70="", "", Backend!A70) | B43: =IF(Backend!C70="", "", Backend!C70) | C43: =IF(Backend!D70="", "", Backend!D70) | D43: =IF(Backend!E70="", "", Backend!E70) | E43: =IF(Backend!F70="", "", Backend!F70) | F43: =IF(Backend!G70="", "", Backend!G70) | G43: =IF(Backend!H70="", "", Backend!H70) | H43: =IF(Backend!I70="", "", Backend!I70) | I43: =IF(Backend!J70="", "", Backend!J70) | ... CC43: =IF(Backend!CD70="", "", Backend!CD70)
A44: =IF(Backend!A71="", "", Backend!A71) | B44: =IF(Backend!C71="", "", Backend!C71) | C44: =IF(Backend!D71="", "", Backend!D71) | D44: =IF(Backend!E71="", "", Backend!E71) | E44: =IF(Backend!F71="", "", Backend!F71) | F44: =IF(Backend!G71="", "", Backend!G71) | G44: =IF(Backend!H71="", "", Backend!H71) | H44: =IF(Backend!I71="", "", Backend!I71) | I44: =IF(Backend!J71="", "", Backend!J71) | ... CC44: =IF(Backend!CD71="", "", Backend!CD71)
A45: =IF(Backend!A72="", "", Backend!A72) | B45: =IF(Backend!C72="", "", Backend!C72) | C45: =IF(Backend!D72="", "", Backend!D72) | D45: =IF(Backend!E72="", "", Backend!E72) | E45: =IF(Backend!F72="", "", Backend!F72) | F45: =IF(Backend!G72="", "", Backend!G72) | G45: =IF(Backend!H72="", "", Backend!H72) | H45: =IF(Backend!I72="", "", Backend!I72) | I45: =IF(Backend!J72="", "", Backend!J72) | ... CC45: =IF(Backend!CD72="", "", Backend!CD72)
A46: =IF(Backend!A73="", "", Backend!A73) | B46: =IF(Backend!C73="", "", Backend!C73) | C46: =IF(Backend!D73="", "", Backend!D73) | D46: =IF(Backend!E73="", "", Backend!E73) | E46: =IF(Backend!F73="", "", Backend!F73) | F46: =IF(Backend!G73="", "", Backend!G73) | G46: =IF(Backend!H73="", "", Backend!H73) | H46: =IF(Backend!I73="", "", Backend!I73) | I46: =IF(Backend!J73="", "", Backend!J73) | ... CC46: =IF(Backend!CD73="", "", Backend!CD73)
A47: =IF(Backend!A74="", "", Backend!A74) | B47: =IF(Backend!C74="", "", Backend!C74) | C47: =IF(Backend!D74="", "", Backend!D74) | D47: =IF(Backend!E74="", "", Backend!E74) | E47: =IF(Backend!F74="", "", Backend!F74) | F47: =IF(Backend!G74="", "", Backend!G74) | G47: =IF(Backend!H74="", "", Backend!H74) | H47: =IF(Backend!I74="", "", Backend!I74) | I47: =IF(Backend!J74="", "", Backend!J74) | ... CC47: =IF(Backend!CD74="", "", Backend!CD74)
A48: =IF(Backend!A75="", "", Backend!A75) | B48: =IF(Backend!C75="", "", Backend!C75) | C48: =IF(Backend!D75="", "", Backend!D75) | D48: =IF(Backend!E75="", "", Backend!E75) | E48: =IF(Backend!F75="", "", Backend!F75) | F48: =IF(Backend!G75="", "", Backend!G75) | G48: =IF(Backend!H75="", "", Backend!H75) | H48: =IF(Backend!I75="", "", Backend!I75) | I48: =IF(Backend!J75="", "", Backend!J75) | ... CC48: =IF(Backend!CD75="", "", Backend!CD75)
A49: =IF(Backend!A76="", "", Backend!A76) | B49: =IF(Backend!C76="", "", Backend!C76) | C49: =IF(Backend!D76="", "", Backend!D76) | D49: =IF(Backend!E76="", "", Backend!E76) | E49: =IF(Backend!F76="", "", Backend!F76) | F49: =IF(Backend!G76="", "", Backend!G76) | G49: =IF(Backend!H76="", "", Backend!H76) | H49: =IF(Backend!I76="", "", Backend!I76) | I49: =IF(Backend!J76="", "", Backend!J76) | ... CC49: =IF(Backend!CD76="", "", Backend!CD76)
A50: =IF(Backend!A77="", "", Backend!A77) | B50: =IF(Backend!C77="", "", Backend!C77) | C50: =IF(Backend!D77="", "", Backend!D77) | D50: =IF(Backend!E77="", "", Backend!E77) | E50: =IF(Backend!F77="", "", Backend!F77) | F50: =IF(Backend!G77="", "", Backend!G77) | G50: =IF(Backend!H77="", "", Backend!H77) | H50: =IF(Backend!I77="", "", Backend!I77) | I50: =IF(Backend!J77="", "", Backend!J77) | ... CC50: =IF(Backend!CD77="", "", Backend!CD77)
A51: =IF(Backend!A78="", "", Backend!A78) | B51: =IF(Backend!C78="", "", Backend!C78) | C51: =IF(Backend!D78="", "", Backend!D78) | D51: =IF(Backend!E78="", "", Backend!E78) | E51: =IF(Backend!F78="", "", Backend!F78) | F51: =IF(Backend!G78="", "", Backend!G78) | G51: =IF(Backend!H78="", "", Backend!H78) | H51: =IF(Backend!I78="", "", Backend!I78) | I51: =IF(Backend!J78="", "", Backend!J78) | ... CC51: =IF(Backend!CD78="", "", Backend!CD78)
A52: =IF(Backend!A79="", "", Backend!A79) | B52: =IF(Backend!C79="", "", Backend!C79) | C52: =IF(Backend!D79="", "", Backend!D79) | D52: =IF(Backend!E79="", "", Backend!E79) | E52: =IF(Backend!F79="", "", Backend!F79) | F52: =IF(Backend!G79="", "", Backend!G79) | G52: =IF(Backend!H79="", "", Backend!H79) | H52: =IF(Backend!I79="", "", Backend!I79) | I52: =IF(Backend!J79="", "", Backend!J79) | ... CC52: =IF(Backend!CD79="", "", Backend!CD79)
A53: =IF(Backend!A80="", "", Backend!A80) | B53: =IF(Backend!C80="", "", Backend!C80) | C53: =IF(Backend!D80="", "", Backend!D80) | D53: =IF(Backend!E80="", "", Backend!E80) | E53: =IF(Backend!F80="", "", Backend!F80) | F53: =IF(Backend!G80="", "", Backend!G80) | G53: =IF(Backend!H80="", "", Backend!H80) | H53: =IF(Backend!I80="", "", Backend!I80) | I53: =IF(Backend!J80="", "", Backend!J80) | ... CC53: =IF(Backend!CD80="", "", Backend!CD80)
... A82: =IF(Backend!A109="", "", Backend!A109) | B82: =IF(Backend!C109="", "", Backend!C109) | C82: =IF(Backend!D109="", "", Backend!D109) | D82: =IF(Backend!E109="", "", Backend!E109) | E82: =IF(Backend!F109="", "", Backend!F109) | F82: =IF(Backend!G109="", "", Backend!G109) | G82: =IF(Backend!H109="", "", Backend!H109) | H82: =IF(Backend!I109="", "", Backend!I109) | I82: =IF(Backend!J109="", "", Backend!J109) | ... CC82: =IF(Backend!CD109="", "", Backend!CD109)

Sheet Backend
B1: As of Date: | C1: 45961
B2: Range: | C2: 1AY
B4: Legend:
C5: MSFT-US | D5: {=_xll.FDSC("-",C5,"PROPER_NAME")} -> Microsoft Corporation | J5: {=_xll.FDSC("-",I5,"PROPER_NAME")} -> - | L5: {=_xll.FDSC("-",K5,"PROPER_NAME")} -> -
C6: LSEG-GB | D6: {=_xll.FDSC("-",C6,"PROPER_NAME")} -> London Stock Exchange Group plc | J6: {=_xll.FDSC("-",I6,"PROPER_NAME")} -> - | L6: {=_xll.FDSC("-",K6,"PROPER_NAME")} -> -
C7: V-US | D7: {=_xll.FDSC("-",C7,"PROPER_NAME")} -> Visa Inc. Class A | J7: {=_xll.FDSC("-",I7,"PROPER_NAME")} -> - | L7: {=_xll.FDSC("-",K7,"PROPER_NAME")} -> -
C8: DB1-DE | D8: {=_xll.FDSC("-",C8,"PROPER_NAME")} -> Deutsche Boerse AG | J8: {=_xll.FDSC("-",I8,"PROPER_NAME")} -> - | L8: {=_xll.FDSC("-",K8,"PROPER_NAME")} -> -
C9: GOOG-US | D9: {=_xll.FDSC("-",C9,"PROPER_NAME")} -> Alphabet Inc. Class C | J9: {=_xll.FDSC("-",I9,"PROPER_NAME")} -> - | L9: {=_xll.FDSC("-",K9,"PROPER_NAME")} -> -
C10: INTU-US | D10: {=_xll.FDSC("-",C10,"PROPER_NAME")} -> Intuit Inc. | J10: {=_xll.FDSC("-",I10,"PROPER_NAME")} -> - | L10: {=_xll.FDSC("-",K10,"PROPER_NAME")} -> -
C11: EVD-DE | D11: {=_xll.FDSC("-",C11,"PROPER_NAME")} -> CTS Eventim AG & Co. KGaA | J11: {=_xll.FDSC("-",I11,"PROPER_NAME")} -> - | L11: {=_xll.FDSC("-",K11,"PROPER_NAME")} -> -
C12: MRO-GB | D12: {=_xll.FDSC("-",C12,"PROPER_NAME")} -> Melrose Industries PLC | J12: {=_xll.FDSC("-",I12,"PROPER_NAME")} -> - | L12: {=_xll.FDSC("-",K12,"PROPER_NAME")} -> -
C13: SAF-FR | D13: {=_xll.FDSC("-",C13,"PROPER_NAME")} -> Safran SA | J13: {=_xll.FDSC("-",I13,"PROPER_NAME")} -> - | L13: {=_xll.FDSC("-",K13,"PROPER_NAME")} -> -
C14: ADSK-US | D14: {=_xll.FDSC("-",C14,"PROPER_NAME")} -> Autodesk, Inc. | J14: {=_xll.FDSC("-",I14,"PROPER_NAME")} -> - | L14: {=_xll.FDSC("-",K14,"PROPER_NAME")} -> -
C15: GE-US | D15: {=_xll.FDSC("-",C15,"PROPER_NAME")} -> GE Aerospace | J15: {=_xll.FDSC("-",I15,"PROPER_NAME")} -> - | L15: {=_xll.FDSC("-",K15,"PROPER_NAME")} -> -
J16: {=_xll.FDSC("-",I16,"PROPER_NAME")} -> - | L16: {=_xll.FDSC("-",K16,"PROPER_NAME")} -> -
J17: {=_xll.FDSC("-",I17,"PROPER_NAME")} -> - | L17: {=_xll.FDSC("-",K17,"PROPER_NAME")} -> -
J18: {=_xll.FDSC("-",I18,"PROPER_NAME")} -> - | L18: {=_xll.FDSC("-",K18,"PROPER_NAME")} -> -
J19: {=_xll.FDSC("-",I19,"PROPER_NAME")} -> -
D20: {=_xll.FDSC("-",C20,"PROPER_NAME")} -> -
D21: {=_xll.FDSC("-",C21,"PROPER_NAME")} -> -
D22: {=_xll.FDSC("-",C22,"PROPER_NAME")} -> -
D23: {=_xll.FDSC("-",C23,"PROPER_NAME")} -> -
B26: {=_xll.FDS("DUMMY","PROPER(""Correlation of Daily Data Between "") + FG_DATE("&$C$1&"-"&$C$2&") + LOWERCASE("" and "") + FG_DATE("&$C$1&") + LOWERCASE("":"")")} -> Correlation Of Daily Data Between 10/31/2024 and 10/31/2025:
B27: {=_xll.FDSB("DUMMY","STRING_ARRAY IDS=TICKER_LIST('"&_xlfn.TEXTJOIN(" ",TRUE,C5:C23)&"');""FDS Code - Do Not Delete""")} -> FDS CODE - DO NOT DELETE | C27: {=_xll.FDSB("DUMMY","FLOAT_ARRAY CORRELMATRIX=GET_FQL_ARRAY(IDS,'FG_PRICE("&$C$1&","&$C$1&"-"&$C$2&",D,USD)');'FDS Code - Do Not Delete'")} -> FDS CODE - DO NOT DELETE
C29: {=_xll.FDS(C30,"FG_COMPANY_NAME")} -> Microsoft Corporation | D29: {=_xll.FDS(D30,"FG_COMPANY_NAME")} -> London Stock Exchange Group plc | E29: {=_xll.FDS(E30,"FG_COMPANY_NAME")} -> Visa Inc. Class A | F29: {=_xll.FDS(F30,"FG_COMPANY_NAME")} -> Deutsche Boerse AG | G29: {=_xll.FDS(G30,"FG_COMPANY_NAME")} -> Alphabet Inc. Class C | H29: {=_xll.FDS(H30,"FG_COMPANY_NAME")} -> Intuit Inc. | I29: {=_xll.FDS(I30,"FG_COMPANY_NAME")} -> CTS Eventim AG & Co. KGaA | J29: {=_xll.FDS(J30,"FG_COMPANY_NAME")} -> Melrose Industries PLC | ... M29: {=_xll.FDS(M30,"FG_COMPANY_NAME")} -> GE Aerospace
C30: {=_xll.FDSR(V27,"IDS")} -> MSFT-US | D30: LSEG-GB | E30: V-US | F30: DB1-DE | G30: GOOG-US | H30: INTU-US | I30: EVD-DE | J30: MRO-GB | K30: SAF-FR | L30: ADSK-US | M30: GE-US
A31: {=_xll.FDS(B31,"FG_COMPANY_NAME")} -> Microsoft Corporation | B31: {=_xll.FDSB(V23,"IDS")} -> MSFT-US | C31: {=_xll.FDSB("DUMMY","CORREL_MATRIX(CORRELMATRIX)")} -> 1 | D31: -0.63645244 | E31: 0.3676423 | F31: 0.16902007 | G31: 0.70593476 | H31: 0.71838593 | I31: 0.03862189 | J31: 0.61157507 | K31: 0.8357729 | L31: 0.6593172 | M31: 0.8716865
A32: {=_xll.FDS(B32,"FG_COMPANY_NAME")} -> London Stock Exchange Group plc | B32: LSEG-GB | C32: -0.63645244 | D32: 1 | E32: 0.05400079 | F32: 0.25646022 | G32: -0.83801097 | H32: -0.13910365 | I32: 0.44181794 | J32: -0.65768814 | K32: -0.5928301 | L32: -0.46417063 | M32: -0.67086864
A33: {=_xll.FDS(B33,"FG_COMPANY_NAME")} -> Visa Inc. Class A | B33: V-US | C33: 0.3676423 | D33: 0.05400079 | E33: 1 | F33: 0.71381146 | G33: 0.088617705 | H33: 0.37592852 | I33: 0.64860237 | J33: 0.19845256 | K33: 0.6328898 | L33: 0.07103802 | M33: 0.5960072
A34: {=_xll.FDS(B34,"FG_COMPANY_NAME")} -> Deutsche Boerse AG | B34: DB1-DE | C34: 0.16902007 | D34: 0.25646022 | E34: 0.71381146 | F34: 1 | G34: -0.30104807 | H34: 0.39122966 | I34: 0.8522897 | J34: -0.277306 | K34: 0.49742395 | L34: -0.31023037 | M34: 0.36385792
A35: {=_xll.FDS(B35,"FG_COMPANY_NAME")} -> Alphabet Inc. Class C | B35: GOOG-US | C35: 0.70593476 | D35: -0.83801097 | E35: 0.088617705 | F35: -0.30104807 | G35: 1 | H35: 0.13442287 | I35: -0.46180964 | J35: 0.7839827 | K35: 0.6097841 | L35: 0.6330727 | M35: 0.7140998
A36: {=_xll.FDS(B36,"FG_COMPANY_NAME")} -> Intuit Inc. | B36: INTU-US | C36: 0.71838593 | D36: -0.13910365 | E36: 0.37592852 | F36: 0.39122966 | G36: 0.13442287 | H36: 1 | I36: 0.41168347 | J36: 0.099891506 | K36: 0.5556211 | L36: 0.44841853 | M36: 0.54580206
A37: {=_xll.FDS(B37,"FG_COMPANY_NAME")} -> CTS Eventim AG & Co. KGaA | B37: EVD-DE | C37: 0.03862189 | D37: 0.44181794 | E37: 0.64860237 | F37: 0.8522897 | G37: -0.46180964 | H37: 0.41168347 | I37: 1 | J37: -0.3359251 | K37: 0.3035279 | L37: -0.28101522 | M37: 0.17796366
A38: {=_xll.FDS(B38,"FG_COMPANY_NAME")} -> Melrose Industries PLC | B38: MRO-GB | C38: 0.61157507 | D38: -0.65768814 | E38: 0.19845256 | F38: -0.277306 | G38: 0.7839827 | H38: 0.099891506 | I38: -0.3359251 | J38: 1 | K38: 0.5533381 | L38: 0.5818574 | M38: 0.60810685
A39: {=_xll.FDS(B39,"FG_COMPANY_NAME")} -> Safran SA | B39: SAF-FR | C39: 0.8357729 | D39: -0.5928301 | E39: 0.6328898 | F39: 0.49742395 | G39: 0.6097841 | H39: 0.5556211 | I39: 0.3035279 | J39: 0.5533381 | K39: 1 | L39: 0.346362 | M39: 0.9743468
A40: {=_xll.FDS(B40,"FG_COMPANY_NAME")} -> Autodesk, Inc. | B40: ADSK-US | C40: 0.6593172 | D40: -0.46417063 | E40: 0.07103802 | F40: -0.31023037 | G40: 0.6330727 | H40: 0.44841853 | I40: -0.28101522 | J40: 0.5818574 | K40: 0.346362 | L40: 1 | M40: 0.4667961
A41: {=_xll.FDS(B41,"FG_COMPANY_NAME")} -> GE Aerospace | B41: GE-US | C41: 0.8716865 | D41: -0.67086864 | E41: 0.5960072 | F41: 0.36385792 | G41: 0.7140998 | H41: 0.54580206 | I41: 0.17796366 | J41: 0.60810685 | K41: 0.9743468 | L41: 0.4667961 | M41: 1

Sheet Proof
A2: As of Date: | B2: 45657
A3: Range: | B3: 1AY
B6: Date | C6: META-US | D6: AMZN-US
B7: {=_xll.FDS(C6,"JULIAN(FG_PRICE("&$B$2&","&$B$2&"-"&$B$3&",,USD).dates)")} -> 45657 | C7: {=_xll.FDS(C6,"FG_PRICE("&$B$2&","&$B$2&"-"&$B$3&",,USD)")} -> 585.51 | D7: {=_xll.FDS(D6,"FG_PRICE("&$B$2&","&$B$2&"-"&$B$3&",,USD)")} -> 219.39 | G7: FactSet | H7: =Backend!C32 -> -0.63645244
B8: 45656 | C8: 591.24 | D8: 221.3 | G8: Excel | H8: =CORREL(_xlfn.ANCHORARRAY(C7),_xlfn.ANCHORARRAY(D7)) -> 0.82708172
B9: 45653 | C9: 599.81 | D9: 223.75 | G9: Pearson | H9: =PEARSON(_xlfn.ANCHORARRAY(C7),_xlfn.ANCHORARRAY(D7)) -> 0.82708172
B10: 45652 | C10: 603.35 | D10: 227.05
B11: 45650 | C11: 607.75 | D11: 229.05
B12: 45649 | C12: 599.85 | D12: 225.06
B13: 45646 | C13: 585.25 | D13: 224.92
B14: 45645 | C14: 595.57 | D14: 223.29
B15: 45644 | C15: 597.19 | D15: 220.52
B16: 45643 | C16: 619.44 | D16: 231.15
B17: 45642 | C17: 624.24 | D17: 232.93
B18: 45639 | C18: 620.35 | D18: 227.46
B19: 45638 | C19: 630.79 | D19: 228.97
B20: 45637 | C20: 632.68 | D20: 230.26
B21: 45636 | C21: 619.32 | D21: 225.04
... B259: 45289 | C259: 353.96 | D259: 151.94

Sheet __APW_ACTIVE_FIELD_RESTORE__
